,movie,year,imdb,metascore,votes,us_grossMillions,timeMin
0,The Batman,2022,8.1,72.0,404780,,176
1,K.G.F: Chapter 2,2022,9.1,,77913,,168
2,Spider-Man: No Way Home,2021,8.4,71.0,603901,,148
3,Dune,2021,8.1,74.0,552978,,155
4,CODA,2021,8.0,74.0,102073,,111
5,RRR,2022,8.4,87.0,59316,,187
6,K.G.F: Chapter 1,2018,8.3,,70302,,156
7,The Dark Knight,2008,9.0,84.0,2546783,534.86,152
8,The Ten Commandments,1956,7.9,,69883,93.74,220
9,The Shawshank Redemption,1994,9.3,81.0,2578291,28.34,142
10,Once Upon a Time... In Hollywood,2019,7.6,83.0,684775,142.5,161
11,Harry Potter and the Sorcerer's Stone,2001,7.6,65.0,750068,317.58,152
12,American Psycho,2000,7.6,64.0,563649,15.07,102
13,The Godfather,1972,9.2,100.0,1775165,134.97,175
14,Avengers: Endgame,2019,8.4,78.0,1043010,858.37,181
15,Joker,2019,8.4,59.0,1183081,335.45,122
16,Titanic,1997,7.9,75.0,1131128,659.33,194
17,The Worst Person in the World,2021,7.9,90.0,39118,,128
18,Interstellar,2014,8.6,74.0,1722534,188.02,169
19,Pirates of the Caribbean: The Curse of the Black Pearl,2003,8.0,63.0,1075760,305.41,143
20,The Wolf of Wall Street,2013,8.2,75.0,1336083,116.9,180
21,The Goonies,1985,7.7,62.0,264427,61.5,114
22,Batman Begins,2005,8.2,70.0,1422695,206.85,140
23,Knives Out,2019,7.9,82.0,586728,165.36,130
24,Zack Snyder's Justice League,2021,8.0,54.0,374343,,242
25,The Dark Knight Rises,2012,8.4,78.0,1647663,448.14,164
26,Inception,2010,8.8,74.0,2262974,292.58,148
27,Blade Runner 2049,2017,8.0,81.0,537815,92.05,164
28,Stand by Me,1986,8.1,75.0,392370,52.29,89
29,The Gentlemen,2019,7.8,51.0,310888,,113
30,Prisoners,2013,8.1,70.0,677163,61.0,153
31,Pulp Fiction,1994,8.9,94.0,1978386,107.93,154
32,Thor: Ragnarok,2017,7.9,74.0,693384,315.06,130
33,Fight Club,1999,8.8,66.0,2029438,37.03,139
34,Pride & Prejudice,2005,7.8,82.0,286804,38.41,129
35,Drive My Car,2021,7.6,91.0,36843,,179
36,The Lion King,1994,8.5,88.0,1021145,422.78,88
37,Parasite,2019,8.5,96.0,738061,53.37,132
38,Jojo Rabbit,2019,7.9,58.0,366353,0.35,108
39,The Lord of the Rings: The Fellowship of the Ring,2001,8.8,92.0,1794329,315.54,178
40,Se7en,1995,8.6,65.0,1581730,100.13,127
41,Whiplash,2014,8.5,88.0,805315,13.09,106
42,Spider-Man: Into the Spider-Verse,2018,8.4,87.0,486049,190.24,117
43,Inglourious Basterds,2009,8.3,69.0,1390197,120.54,153
44,Taxi Driver,1976,8.3,94.0,794023,28.26,114
45,Avatar,2009,7.8,83.0,1189369,760.51,162
46,Avengers: Infinity War,2018,8.4,68.0,1006671,678.82,149
47,Jurassic Park,1993,8.2,68.0,942875,402.45,127
48,The Green Mile,1999,8.6,61.0,1253810,136.8,189
49,The Imitation Game,2014,8.0,71.0,746735,91.13,114
50,Forrest Gump,1994,8.8,82.0,1989080,330.25,142
51,Schindler's List,1993,9.0,94.0,1312988,96.9,195
52,Django Unchained,2012,8.4,81.0,1490550,162.81,165
53,Requiem for a Dream,2000,8.3,68.0,819132,3.64,102
54,Mad Max: Fury Road,2015,8.1,90.0,966294,154.06,120
55,Apocalypse Now,1979,8.5,94.0,649505,83.47,147
56,Back to the Future,1985,8.5,87.0,1157280,210.61,116
57,Harry Potter and the Goblet of Fire,2005,7.7,81.0,605876,290.01,157
58,Goodfellas,1990,8.7,90.0,1112375,46.84,145
59,Guardians of the Galaxy,2014,8.0,76.0,1136320,333.18,121
60,Ben-Hur,1959,8.1,90.0,235056,74.7,212
61,Star Wars,1977,8.6,90.0,1318541,322.74,121
62,Little Women,2019,7.8,91.0,190109,108.1,135
63,Ex Machina,2014,7.7,78.0,524727,25.44,108
64,Saving Private Ryan,1998,8.6,91.0,1342899,216.54,169
65,Gladiator,2000,8.5,67.0,1450124,187.71,155
66,Harry Potter and the Deathly Hallows: Part 2,2011,8.1,85.0,843218,381.01,130
67,Dunkirk,2017,7.8,94.0,629972,188.37,106
68,Léon: The Professional,1994,8.5,64.0,1123713,19.5,110
69,No Country for Old Men,2007,8.2,92.0,938891,74.28,122
70,Heat,1995,8.3,76.0,632316,67.44,170
71,Gone Girl,2014,8.1,79.0,948583,167.77,149
72,Nightcrawler,2014,7.8,76.0,521727,32.38,117
73,Ghostbusters,1984,7.8,71.0,403734,238.63,105
74,The Last Picture Show,1971,8.0,93.0,47453,29.13,118
75,1917,2019,8.2,78.0,546358,159.23,119
76,The Truman Show,1998,8.2,90.0,1032706,125.62,103
77,Kingsman: The Secret Service,2014,7.7,60.0,650761,128.26,129
78,Unforgiven,1992,8.2,85.0,403281,101.16,130
79,The Shining,1980,8.4,66.0,982225,44.02,146
80,The Departed,2006,8.5,85.0,1282769,132.38,151
81,Call Me by Your Name,2017,7.8,93.0,256334,18.1,132
82,Full Metal Jacket,1987,8.3,76.0,722613,46.36,116
83,Tombstone,1993,7.8,50.0,143566,56.51,130
84,Casino Royale,2006,8.0,80.0,643103,167.45,144
85,Sicario,2015,7.6,82.0,415597,46.89,121
86,Alien,1979,8.5,89.0,851513,78.9,117
87,Her,2013,8.0,91.0,590700,25.57,126
88,Good Will Hunting,1997,8.3,70.0,935070,138.43,126
89,The Matrix,1999,8.7,73.0,1854329,171.48,136
90,Bohemian Rhapsody,2018,7.9,49.0,514965,216.43,134
91,Deadpool,2016,8.0,65.0,993272,363.07,108
92,Donnie Darko,2001,8.0,88.0,782366,1.48,113
93,What We Do in the Shadows,2014,7.6,76.0,177361,3.33,86
94,Zombieland,2009,7.6,73.0,559094,75.59,88
95,American Beauty,1999,8.4,84.0,1130144,130.1,122
96,The Silence of the Lambs,1991,8.6,85.0,1381656,130.74,118
97,The Prestige,2006,8.5,66.0,1290659,53.09,130
98,Shutter Island,2010,8.2,63.0,1254081,128.01,138
99,The Lord of the Rings: The Return of the King,2003,9.0,94.0,1772773,377.85,201
100,Eternal Sunshine of the Spotless Mind,2004,8.3,89.0,978655,34.4,108
101,Ford v Ferrari,2019,8.1,81.0,364484,117.62,152
102,Boogie Nights,1997,7.9,85.0,259032,26.4,155
103,Harry Potter and the Prisoner of Azkaban,2004,7.9,82.0,612468,249.36,142
104,Baby Driver,2017,7.6,86.0,509995,107.83,113
105,There Will Be Blood,2007,8.2,93.0,568243,40.22,158
106,Get Out,2017,7.7,85.0,558870,176.04,104
107,Little Miss Sunshine,2006,7.8,80.0,469147,59.89,101
108,The Father,2020,8.3,88.0,133448,,97
109,The Princess Bride,1987,8.0,77.0,420235,30.86,98
110,Deadpool 2,2018,7.7,66.0,551056,324.59,119
111,Blade Runner,1982,8.1,84.0,747134,32.87,117
112,The Grand Budapest Hotel,2014,8.1,88.0,778802,59.1,99
113,Office Space,1999,7.7,68.0,260129,10.82,89
114,Braveheart,1995,8.4,68.0,1015117,75.6,178
115,The Avengers,2012,8.0,69.0,1350758,623.28,143
116,Hot Fuzz,2007,7.8,81.0,494968,23.64,121
117,Watchmen,2009,7.6,56.0,540454,107.51,162
118,Hacksaw Ridge,2016,8.1,71.0,499818,67.21,139
119,"The Good, the Bad and the Ugly",1966,8.8,90.0,740773,6.1,178
120,Platoon,1986,8.1,92.0,405842,138.53,120
121,Iron Man,2008,7.9,79.0,1023635,318.41,126
122,Apocalypto,2006,7.8,68.0,307287,50.87,139
123,12 Angry Men,1957,9.0,96.0,761491,4.36,96
124,The Usual Suspects,1995,8.5,77.0,1058671,23.34,106
125,The Big Short,2015,7.8,81.0,414500,70.26,130
126,Almost Famous,2000,7.9,90.0,271745,32.53,122
127,A Clockwork Orange,1971,8.3,77.0,808213,6.21,136
128,The Big Lebowski,1998,8.1,71.0,788864,17.5,117
129,Rogue One: A Star Wars Story,2016,7.8,65.0,603785,532.18,133
130,The Irishman,2019,7.8,94.0,370632,7.0,209
131,The Godfather: Part II,1974,9.0,90.0,1227311,57.3,202
132,The Perks of Being a Wallflower,2012,8.0,67.0,497087,17.74,103
133,Drive,2011,7.8,78.0,616380,35.06,100
134,The Hangover,2009,7.7,73.0,765813,277.32,100
135,Argo,2012,7.7,86.0,604818,136.03,120
136,Star Wars: Episode VII - The Force Awakens,2015,7.8,80.0,907284,936.66,138
137,Harry Potter and the Deathly Hallows: Part 1,2010,7.7,65.0,529625,295.98,146
138,The Hunt,2012,8.3,77.0,318513,0.69,115
139,Snatch,2000,8.3,55.0,834993,30.33,102
140,One Flew Over the Cuckoo's Nest,1975,8.7,84.0,981095,112.0,133
141,Hamilton,2020,8.4,90.0,86252,,160
142,Ferris Bueller's Day Off,1986,7.8,61.0,347331,70.14,103
143,Memento,2000,8.4,80.0,1204788,25.54,113
144,The Sixth Sense,1999,8.2,64.0,967068,293.51,107
145,Arrival,2016,7.9,81.0,667599,100.55,116
146,Aliens,1986,8.4,84.0,698085,85.16,137
147,Oldboy,2003,8.4,77.0,560494,0.71,101
148,Pan's Labyrinth,2006,8.2,98.0,655025,37.63,118
149,The Handmaiden,2016,8.1,84.0,137801,2.01,145
150,Die Hard,1988,8.2,72.0,855661,83.01,132
151,Black Swan,2010,8.0,79.0,744669,106.95,108
152,Logan,2017,8.1,77.0,725882,226.28,137
153,Wind River,2017,7.7,73.0,242307,33.8,107
154,V for Vendetta,2005,8.2,62.0,1097041,70.51,132
155,Scarface,1983,8.3,65.0,808653,45.6,170
156,The Hobbit: An Unexpected Journey,2012,7.8,58.0,802424,303.0,169
157,Spirited Away,2001,8.6,96.0,729357,10.06,125
158,Moana,2016,7.6,81.0,319326,248.76,107
159,Love Actually,2003,7.6,55.0,473919,59.7,135
160,Indiana Jones and the Raiders of the Lost Ark,1981,8.4,85.0,941689,248.16,115
161,E.T. the Extra-Terrestrial,1982,7.9,91.0,397938,435.11,115
162,Zootopia,2016,8.0,78.0,480177,341.27,108
163,A Few Good Men,1992,7.7,62.0,255760,141.34,138
164,The Girl with the Dragon Tattoo,2011,7.8,71.0,454586,102.52,158
165,Coraline,2009,7.7,80.0,218630,75.29,100
166,What's Eating Gilbert Grape,1993,7.7,73.0,231670,9.17,118
167,Memories of Murder,2003,8.1,82.0,172021,0.01,132
168,A Beautiful Mind,2001,8.2,72.0,908416,170.74,135
169,Zodiac,2007,7.7,78.0,522474,33.08,157
170,Another Round,2020,7.7,79.0,141789,,117
171,City of God,2002,8.6,79.0,739778,7.56,130
172,The Fifth Element,1997,7.6,52.0,462637,63.54,126
173,Dead Poets Society,1989,8.1,79.0,470446,95.86,128
174,About Time,2013,7.8,55.0,336400,15.32,123
175,Ocean's Eleven,2001,7.7,74.0,556971,183.42,116
176,Star Wars: Episode III - Revenge of the Sith,2005,7.6,68.0,761768,380.26,140
177,300,2006,7.6,52.0,801345,210.61,117
178,Willy Wonka & the Chocolate Factory,1971,7.8,67.0,195973,4.0,100
179,Guardians of the Galaxy Vol. 2,2017,7.6,67.0,646880,389.81,136
180,Captain America: Civil War,2016,7.8,75.0,750207,408.08,147
181,The Blind Side,2009,7.6,53.0,322987,255.96,129
182,Skyfall,2012,7.8,81.0,683712,304.36,143
183,Once Upon a Time in America,1984,8.3,75.0,341950,5.32,229
184,The Notebook,2004,7.8,53.0,557119,81.0,123
185,"O Brother, Where Art Thou?",2000,7.7,69.0,305909,45.51,107
186,Green Book,2018,8.2,69.0,461768,85.08,130
187,Stardust,2007,7.6,66.0,268909,38.63,127
188,Shrek,2001,7.9,84.0,658197,267.67,90
189,The Help,2011,8.1,62.0,448922,169.71,146
190,La La Land,2016,8.0,94.0,563473,151.1,128
191,Edge of Tomorrow,2014,7.9,71.0,654429,100.21,113
192,Ratatouille,2007,8.1,96.0,700279,206.45,111
193,Blue Velvet,1986,7.7,76.0,194713,8.55,120
194,Star Wars: Episode V - The Empire Strikes Back,1980,8.7,82.0,1246987,290.48,124
195,Moneyball,2011,7.6,87.0,409750,75.61,133
196,The Sandlot,1993,7.8,55.0,88726,32.42,101
197,L.A. Confidential,1997,8.3,90.0,570359,64.62,138
198,Atonement,2007,7.8,85.0,271856,50.93,123
199,Reservoir Dogs,1992,8.3,79.0,988348,2.83,99
200,True Romance,1993,7.9,59.0,222708,12.28,119
201,Blue Is the Warmest Colour,2013,7.7,89.0,149074,2.2,180
202,The Exorcist,1973,8.1,81.0,390871,232.91,122
203,The Breakfast Club,1985,7.8,66.0,384949,45.88,97
204,Catch Me If You Can,2002,8.1,75.0,935599,164.62,141
205,2001: A Space Odyssey,1968,8.3,84.0,650129,56.95,149
206,The Social Network,2010,7.8,95.0,681405,96.96,120
207,Kill Bill: Vol. 1,2003,8.2,69.0,1081370,70.1,111
208,The Revenant,2015,8.0,76.0,775872,183.64,156
209,Edward Scissorhands,1990,7.9,74.0,476232,56.36,105
210,Star Wars: Episode VI - Return of the Jedi,1983,8.3,58.0,1018836,309.13,131
211,The Thing,1982,8.2,57.0,408402,13.78,109
212,Aladdin,1992,8.0,86.0,401453,217.35,90
213,Terminator 2: Judgment Day,1991,8.6,75.0,1065581,204.84,137
214,The Lord of the Rings: The Two Towers,2002,8.8,87.0,1601374,342.55,179
215,The Mitchells vs the Machines,2021,7.6,81.0,99966,,113
216,The Terminator,1984,8.1,84.0,839944,38.4,107
217,Mulholland Drive,2001,7.9,85.0,347296,7.22,147
218,X-Men: First Class,2011,7.7,65.0,678873,146.41,131
219,The Wizard of Oz,1939,8.1,92.0,388906,2.08,102
220,The Pianist,2002,8.5,85.0,803004,32.57,150
221,Jaws,1975,8.1,87.0,581266,260.0,124
222,Come and See,1985,8.4,,74436,,142
223,Brokeback Mountain,2005,7.7,87.0,349525,83.04,134
224,The Hateful Eight,2015,7.8,68.0,576812,54.12,168
225,"Three Billboards Outside Ebbing, Missouri",2017,8.1,88.0,488575,54.51,115
226,Big Fish,2003,8.0,58.0,435261,66.26,125
227,Amadeus,1984,8.4,88.0,392764,51.97,160
228,Superbad,2007,7.6,76.0,561520,121.46,113
229,The Boy in the Striped Pajamas,2008,7.7,55.0,212144,9.03,94
230,Mission: Impossible - Fallout,2018,7.7,86.0,320215,220.16,147
231,Airplane!,1980,7.7,78.0,232705,83.4,88
232,American History X,1998,8.5,62.0,1094327,6.72,119
233,The Intouchables,2011,8.5,57.0,829406,13.18,112
234,Apollo 13,1995,7.7,77.0,288909,173.84,140
235,The Curious Case of Benjamin Button,2008,7.8,70.0,633802,127.51,166
236,Training Day,2001,7.7,69.0,423738,76.63,122
237,Gattaca,1997,7.8,64.0,297867,12.34,106
238,Life Is Beautiful,1997,8.6,59.0,674895,57.6,116
239,Fargo,1996,8.1,85.0,662680,24.61,98
240,12 Years a Slave,2013,8.1,96.0,684538,56.67,134
241,Sin City,2005,8.0,74.0,759571,74.1,124
242,Into the Wild,2007,8.1,73.0,610981,18.35,148
243,Inside Out,2015,8.2,94.0,685496,356.46,95
244,Coco,2017,8.4,81.0,474352,209.73,105
245,Your Name.,2016,8.4,79.0,248445,5.02,106
246,Toy Story,1995,8.3,95.0,960968,191.8,81
247,Hell or High Water,2016,7.6,88.0,224621,26.86,102
248,How to Train Your Dragon,2010,8.1,75.0,717930,217.58,98
249,Midnight in Paris,2011,7.7,81.0,415427,56.82,94
250,Soul,2020,8.0,83.0,307466,,100
251,Casino,1995,8.2,73.0,504781,42.44,178
252,Captain America: The Winter Soldier,2014,7.8,70.0,813241,259.77,136
253,Howl's Moving Castle,2004,8.2,80.0,377708,4.71,119
254,Paper Moon,1973,8.1,77.0,46750,30.93,102
255,Psycho,1960,8.5,97.0,651665,32.0,109
256,The Martian,2015,8.0,80.0,825937,228.43,144
257,The Incredibles,2004,8.0,90.0,707423,261.44,115
258,Spotlight,2015,8.1,93.0,458431,45.06,129
259,Star Trek,2009,7.9,82.0,597396,257.73,127
260,The Blues Brothers,1980,7.9,60.0,195356,57.23,133
261,Warrior,2011,8.2,71.0,462511,13.66,140
262,The Sound of Music,1965,8.1,63.0,225551,163.21,172
263,Tangled,2010,7.7,71.0,439189,200.82,100
264,Rocky,1976,8.1,70.0,558675,117.24,120
265,Room,2015,8.1,86.0,407831,14.68,118
266,Kick-Ass,2010,7.6,66.0,552323,48.07,117
267,Silver Linings Playbook,2012,7.7,81.0,697553,132.09,122
268,Crash,2004,7.8,66.0,432937,54.58,112
269,Trainspotting,1996,8.1,83.0,672606,16.5,93
270,Donnie Brasco,1997,7.7,76.0,299667,41.91,127
271,RoboCop,1987,7.6,67.0,251986,53.42,102
272,Rush,2013,8.1,74.0,467515,26.95,123
273,District 9,2009,7.9,81.0,669298,115.65,112
274,The Godfather: Part III,1990,7.6,60.0,386492,66.67,162
275,The Hobbit: The Desolation of Smaug,2013,7.8,66.0,641611,258.37,161
276,Dallas Buyers Club,2013,7.9,79.0,476614,27.3,117
277,The Lego Movie,2014,7.7,83.0,345503,257.76,100
278,Black Hawk Down,2001,7.7,74.0,388284,108.64,144
279,The Little Mermaid,1989,7.6,88.0,255156,111.54,83
280,A Star Is Born,2018,7.6,88.0,372148,215.29,136
281,Cast Away,2000,7.8,73.0,574620,233.63,143
282,Amélie,2001,8.3,69.0,742091,33.23,122
283,"Lock, Stock and Two Smoking Barrels",1998,8.2,66.0,569994,3.9,107
284,Predator,1987,7.8,45.0,399084,59.74,107
285,500 Days of Summer,2009,7.7,76.0,501930,32.39,95
286,Casablanca,1942,8.5,100.0,558393,1.02,102
287,Wonder,2017,7.9,66.0,159640,132.42,113
288,Finding Nemo,2003,8.2,90.0,1014804,380.84,100
289,Gone with the Wind,1939,8.2,97.0,309602,198.68,238
290,Young Frankenstein,1974,8.0,80.0,155332,86.3,106
291,Inside Man,2006,7.6,76.0,365479,88.51,129
292,The Game,1997,7.7,61.0,382677,48.32,129
293,Children of Men,2006,7.9,84.0,491296,35.55,109
294,Manchester by the Sea,2016,7.8,96.0,273092,47.7,137
295,The Butterfly Effect,2004,7.6,30.0,479595,57.94,113
296,The Last Samurai,2003,7.8,55.0,428630,111.11,154
297,Birdman or (The Unexpected Virtue of Ignorance),2014,7.7,87.0,616902,42.34,119
298,Hidden Figures,2016,7.8,74.0,221939,169.61,127
299,Moonrise Kingdom,2012,7.8,84.0,343298,45.51,94
300,3 Idiots,2009,8.4,67.0,384708,6.53,170
301,"Blood In, Blood Out",1993,7.9,47.0,30915,4.5,180
302,Life of Brian,1979,8.0,77.0,392071,20.05,94
303,Home Alone,1990,7.7,63.0,551728,285.76,103
304,WALL·E,2008,8.4,95.0,1081022,223.81,98
305,Hunt for the Wilderpeople,2016,7.8,81.0,126637,5.2,101
306,Cinema Paradiso,1988,8.5,80.0,253974,11.99,155
307,In Bruges,2008,7.9,67.0,413094,7.76,107
308,"Crouching Tiger, Hidden Dragon",2000,7.9,94.0,265281,128.08,120
309,X-Men: Days of Future Past,2014,8.0,75.0,696549,233.92,132
310,Marriage Story,2019,7.9,94.0,293149,2.0,137
311,Captain Fantastic,2016,7.8,72.0,213426,5.88,118
312,Man on Fire,2004,7.7,47.0,355793,77.91,146
313,Indiana Jones and the Last Crusade,1989,8.2,65.0,736783,197.17,127
314,Kung Fu Panda,2008,7.6,74.0,454715,215.43,92
315,As Good as It Gets,1997,7.7,67.0,294304,148.48,139
316,Dances with Wolves,1990,8.0,72.0,259039,184.21,181
317,"Monsters, Inc.",2001,8.1,79.0,880851,289.92,92
318,Fried Green Tomatoes,1991,7.7,64.0,73413,82.42,130
319,Minority Report,2002,7.7,80.0,539118,132.07,145
320,Incendies,2010,8.3,80.0,171448,6.86,131
321,Baahubali 2: The Conclusion,2017,8.2,,90911,20.19,167
322,The Fly,1986,7.6,79.0,175929,40.46,96
323,Back to the Future Part II,1989,7.8,57.0,517108,118.5,108
324,Taken,2008,7.8,51.0,592550,145.0,90
325,Saw,2004,7.6,46.0,409579,56.0,103
326,Dark Waters,2019,7.6,73.0,83710,,126
327,Mystic River,2003,7.9,84.0,448245,90.14,138
328,The Machinist,2004,7.7,61.0,381152,1.08,101
329,Eastern Promises,2007,7.6,82.0,239594,17.11,100
330,American Gangster,2007,7.8,76.0,418313,130.16,157
331,Once Upon a Time in the West,1968,8.5,80.0,322767,5.32,165
332,Chinatown,1974,8.2,92.0,319026,8.49,130
333,Up,2009,8.3,88.0,1011413,293.0,96
334,The Lives of Others,2006,8.4,89.0,382547,11.29,137
335,Before Sunrise,1995,8.1,77.0,297780,5.54,101
336,Toy Story 4,2019,7.7,84.0,237193,434.04,100
337,Lost in Translation,2003,7.7,89.0,443928,44.59,102
338,In the Heat of the Night,1967,7.9,75.0,74979,24.38,110
339,Dr. Strangelove or: How I Learned to Stop Worrying and Love the Bomb,1964,8.4,97.0,479284,0.28,95
340,The Deer Hunter,1978,8.1,86.0,333020,48.98,183
341,Rain Man,1988,8.0,65.0,502303,178.8,133
342,Halloween,1978,7.7,87.0,265229,47.0,91
343,12 Monkeys,1995,8.0,74.0,607696,57.14,129
344,The Outlaw Josey Wales,1976,7.8,69.0,72349,31.8,135
345,Die Hard with a Vengeance,1995,7.6,58.0,381972,100.01,128
346,Grave of the Fireflies,1988,8.5,94.0,265802,,89
347,Monty Python and the Holy Grail,1975,8.2,91.0,530460,1.23,91
348,The Trial of the Chicago 7,2020,7.7,76.0,170452,,129
349,Breakfast at Tiffany's,1961,7.6,76.0,176976,,115
350,Beauty and the Beast,1991,8.0,95.0,440828,218.97,84
351,My Cousin Vinny,1992,7.6,68.0,121246,52.93,120
352,Capernaum,2018,8.4,75.0,84125,1.66,126
353,Shaun of the Dead,2004,7.9,76.0,545268,13.54,99
354,The Bourne Identity,2002,7.9,68.0,537389,121.66,119
355,Moon,2009,7.8,67.0,353329,5.01,97
356,Fantastic Mr. Fox,2009,7.9,83.0,224219,21.0,87
357,Downfall,2004,8.2,82.0,349645,5.51,156
358,Boyhood,2014,7.9,100.0,350256,25.38,165
359,The Reader,2008,7.6,58.0,241116,34.19,124
360,The Great Escape,1963,8.2,86.0,240300,12.1,172
361,Magnolia,1999,8.0,77.0,307421,22.46,188
362,True Grit,2010,7.6,80.0,333130,171.24,110
363,Rear Window,1954,8.5,100.0,479597,36.76,112
364,Gone Baby Gone,2007,7.6,72.0,268720,20.3,114
365,Million Dollar Baby,2004,8.1,86.0,674227,100.49,132
366,Incredibles 2,2018,7.6,80.0,284236,608.58,118
367,Deliverance,1972,7.7,80.0,106602,7.06,109
368,The Maltese Falcon,1941,8.0,97.0,156505,2.11,100
369,Sense and Sensibility,1995,7.7,84.0,113411,43.18,136
370,Princess Mononoke,1997,8.4,76.0,380820,2.38,134
371,The Fighter,2010,7.8,79.0,359483,93.62,116
372,Seven Samurai,1954,8.6,98.0,338275,0.27,207
373,Big Hero 6,2014,7.8,74.0,446744,222.53,102
374,Planet of the Apes,1968,8.0,79.0,177072,33.4,112
375,The Untouchables,1987,7.9,79.0,302799,76.27,119
376,The Theory of Everything,2014,7.7,71.0,439419,35.89,123
377,Mary Poppins,1964,7.8,88.0,168912,102.27,139
378,Misery,1990,7.8,75.0,202664,61.28,107
379,Dawn of the Planet of the Apes,2014,7.6,79.0,433035,208.55,130
380,Mulan,1998,7.6,71.0,278931,120.62,88
381,It's a Wonderful Life,1946,8.6,89.0,443845,,130
382,Some Like It Hot,1959,8.2,98.0,261687,25.0,121
383,The Count of Monte Cristo,2002,7.7,61.0,136260,54.23,131
384,Blood Diamond,2006,8.0,64.0,535940,57.37,143
385,The Fugitive,1993,7.8,87.0,287953,183.88,130
386,The Pursuit of Happyness,2006,8.0,64.0,494387,163.57,117
387,Blazing Saddles,1974,7.7,73.0,136284,119.5,93
388,Sound of Metal,2019,7.7,82.0,118514,,120
389,Groundhog Day,1993,8.1,72.0,613103,70.91,101
390,Primal Fear,1996,7.7,47.0,207866,56.12,129
391,Y tu mamá también,2001,7.7,88.0,121552,13.62,106
392,Lawrence of Arabia,1962,8.3,100.0,287378,44.82,218
393,Adaptation.,2002,7.7,83.0,189915,22.25,115
394,Paddington 2,2017,7.8,88.0,72838,40.44,103
395,Remember the Titans,2000,7.8,48.0,211139,115.65,113
396,The Last of the Mohicans,1992,7.7,76.0,165452,75.51,112
397,The Thin Red Line,1998,7.6,78.0,185094,36.4,170
398,Rosemary's Baby,1968,8.0,96.0,210321,,137
399,Falling Down,1993,7.6,56.0,185977,40.9,113
400,The Fault in Our Stars,2014,7.7,69.0,368128,124.87,126
401,Raging Bull,1980,8.2,89.0,345366,23.38,129
402,Lord of War,2005,7.6,62.0,310540,24.15,122
403,Life of Pi,2012,7.9,79.0,615802,124.99,127
404,A Bronx Tale,1993,7.8,80.0,138264,17.27,121
405,A Fistful of Dollars,1964,7.9,65.0,212890,14.5,99
406,The Graduate,1967,8.0,83.0,268897,104.95,106
407,Jai Bhim,2021,8.9,,187136,,164
408,Cabaret,1972,7.7,80.0,53918,42.77,124
409,Walk the Line,2005,7.8,72.0,247121,119.52,136
410,Baahubali: The Beginning,2015,8.0,,116472,6.74,159
411,Slumdog Millionaire,2008,8.0,84.0,832544,141.32,120
412,The Invisible Guest,2016,8.0,,169888,,106
413,JFK,1991,8.0,72.0,153182,70.41,189
414,Gravity,2013,7.7,96.0,810615,274.09,91
415,Portrait of a Lady on Fire,2019,8.1,95.0,85392,3.76,122
416,Despicable Me,2010,7.6,72.0,532065,251.51,95
417,Kill Bill: Vol. 2,2004,8.0,83.0,735418,66.21,137
418,Citizen Kane,1941,8.3,100.0,433495,1.59,119
419,Road to Perdition,2002,7.7,72.0,263043,104.45,117
420,Rise of the Planet of the Apes,2011,7.6,68.0,518895,176.76,105
421,Toy Story 3,2010,8.3,92.0,811750,415.0,103
422,Vertigo,1958,8.3,100.0,393666,3.2,128
423,Who Framed Roger Rabbit,1988,7.7,83.0,196335,156.45,104
424,Spartacus,1960,7.9,87.0,132994,30.0,197
425,To Kill a Mockingbird,1962,8.3,88.0,311245,,129
426,Goldfinger,1964,7.7,87.0,186646,51.08,110
427,The Birds,1963,7.7,90.0,184894,11.4,119
428,The King's Speech,2010,8.0,88.0,670046,138.8,118
429,3:10 to Yuma,2007,7.7,76.0,305717,53.61,122
430,Singin' in the Rain,1952,8.3,99.0,236444,8.82,103
431,Scent of a Woman,1992,8.0,59.0,288170,63.9,156
432,The Boondock Saints,1999,7.7,44.0,237030,0.03,108
433,Serenity,2005,7.8,74.0,293543,25.51,119
434,Nosferatu,1922,7.9,,95157,,94
435,The Secret in Their Eyes,2009,8.2,80.0,206045,6.39,129
436,Gran Torino,2008,8.1,72.0,760391,148.1,116
437,Dark City,1998,7.6,66.0,197702,14.38,100
438,Straight Outta Compton,2015,7.8,72.0,196793,161.2,147
439,Match Point,2005,7.6,72.0,215734,23.09,124
440,Star Trek Into Darkness,2013,7.7,72.0,478779,228.78,132
441,I Saw the Devil,2010,7.8,67.0,125717,0.13,144
442,The Girl with the Dragon Tattoo,2009,7.8,76.0,215491,10.1,152
443,Mr. Nobody,2009,7.8,63.0,229714,0.0,141
444,Being John Malkovich,1999,7.8,90.0,329722,22.86,113
445,In the Mood for Love,2000,8.0,85.0,144393,2.73,98
446,The Elephant Man,1980,8.2,78.0,236552,,124
447,The Boat,1981,8.4,86.0,246629,11.49,149
448,When Harry Met Sally...,1989,7.7,76.0,212668,92.82,95
449,The Remains of the Day,1993,7.8,86.0,72886,22.95,134
450,The Royal Tenenbaums,2001,7.6,76.0,287028,52.36,110
451,Dogville,2003,8.0,60.0,146698,1.53,178
452,The Sting,1973,8.3,83.0,257070,159.6,129
453,North by Northwest,1959,8.3,98.0,320983,13.28,136
454,Boyz n the Hood,1991,7.8,76.0,137634,57.5,112
455,How to Train Your Dragon 2,2014,7.8,77.0,326781,177.0,102
456,Metropolis,1927,8.3,98.0,171226,1.24,153
457,Lion,2016,8.0,69.0,231663,51.74,118
458,Ordinary People,1980,7.7,86.0,51325,54.8,124
459,Creed,2015,7.6,82.0,266694,109.77,133
460,Lethal Weapon,1987,7.6,68.0,253608,65.21,109
461,Toy Story 2,1999,7.9,88.0,564881,245.85,92
462,Changeling,2008,7.8,63.0,252219,35.74,141
463,Wreck-It Ralph,2012,7.7,72.0,410735,189.42,101
464,King Kong,1933,7.9,90.0,84350,10.0,100
465,In the Name of the Father,1993,8.1,84.0,171097,25.01,133
466,Demon Slayer the Movie: Mugen Train,2020,8.2,72.0,51701,47.7,117
467,The Road Warrior,1981,7.6,77.0,177226,12.47,96
468,The Bourne Supremacy,2004,7.7,73.0,456528,176.24,108
469,The Bourne Ultimatum,2007,8.0,85.0,626736,227.47,115
470,Brazil,1985,7.9,84.0,198350,9.93,132
471,The Skin I Live In,2011,7.6,70.0,149833,3.19,120
472,The Fall,2006,7.8,64.0,111368,2.28,117
473,Captain Phillips,2013,7.8,82.0,450085,107.1,134
474,First Blood,1982,7.7,61.0,245552,47.21,93
475,Finding Neverland,2004,7.7,67.0,204563,51.68,106
476,Naked,1993,7.7,85.0,38660,1.77,131
477,Freaks,1932,7.9,80.0,45683,,64
478,Midnight Cowboy,1969,7.8,79.0,109376,44.79,113
479,The Naked Gun: From the Files of Police Squad!,1988,7.6,76.0,165431,78.76,85
480,Dog Day Afternoon,1975,8.0,86.0,251969,50.0,125
481,Togo,2019,7.9,69.0,46827,,113
482,The Color Purple,1985,7.7,78.0,85203,98.47,154
483,The Others,2001,7.6,74.0,358578,96.52,104
484,Bridge of Spies,2015,7.6,81.0,306055,72.31,142
485,The Raid: Redemption,2011,7.6,73.0,201563,4.11,101
486,Ed Wood,1994,7.8,70.0,173919,5.89,127
487,Barry Lyndon,1975,8.1,89.0,163669,,185
488,The Name of the Rose,1986,7.7,54.0,107480,7.15,130
489,This Is Spinal Tap,1984,7.9,92.0,137766,4.74,82
490,Sunset Blvd.,1950,8.4,,217151,,110
491,The Holy Mountain,1973,7.8,76.0,41901,0.06,114
492,The Philadelphia Story,1940,7.9,96.0,68268,,112
493,Serpico,1973,7.7,87.0,120457,29.8,130
494,Wait Until Dark,1967,7.7,81.0,30216,17.55,108
495,For a Few Dollars More,1965,8.2,74.0,250974,15.0,132
496,Evil Dead II,1987,7.7,72.0,159773,5.92,84
497,Bonnie and Clyde,1967,7.7,86.0,111067,,111
498,Close Encounters of the Third Kind,1977,7.6,90.0,197801,132.09,138
499,My Neighbor Totoro,1988,8.1,86.0,326334,1.11,86
500,Let the Right One In,2008,7.9,82.0,214392,2.12,114
501,Akira,1988,8.0,67.0,180637,0.55,124
502,The Man from Earth,2007,7.9,,184703,,87
503,The Vanishing,1988,7.7,,38163,,107
504,The Wrestler,2008,7.9,80.0,302043,26.24,109
505,A Silent Voice: The Movie,2016,8.1,78.0,74585,,130
506,Stalker,1979,8.1,,131133,0.23,162
507,Rushmore,1998,7.6,86.0,182629,17.11,93
508,Hachi: A Dog's Tale,2009,8.1,,276991,,93
509,La Haine,1995,8.1,,167656,0.31,98
510,Perfect Blue,1997,8.0,,71516,0.78,81
511,Flipped,2010,7.7,45.0,88740,1.75,90
512,The Magnificent Seven,1960,7.7,74.0,93652,4.91,128
513,End of Watch,2012,7.6,68.0,243417,41.0,109
514,The Searchers,1956,7.9,94.0,87793,,119
515,The Nightmare Before Christmas,1993,7.9,82.0,326034,75.08,76
516,Dirty Harry,1971,7.7,87.0,153309,35.9,102
517,Cool Hand Luke,1967,8.1,92.0,174257,16.22,127
518,Before Midnight,2013,7.9,94.0,153800,8.11,109
519,Network,1976,8.1,83.0,156694,,121
520,Enter the Dragon,1973,7.6,83.0,103098,25.0,102
521,All the President's Men,1976,7.9,84.0,113111,70.6,138
522,The Jungle Book,1967,7.6,65.0,178252,141.84,78
523,The Bridge on the River Kwai,1957,8.2,87.0,216728,44.91,161
524,Traffic,2000,7.6,86.0,205406,124.12,147
525,Philadelphia,1993,7.7,66.0,237821,77.32,125
526,The Insider,1999,7.8,84.0,169098,28.97,157
527,Isle of Dogs,2018,7.8,82.0,162782,32.02,101
528,Empire of the Sun,1987,7.7,62.0,123695,22.24,153
529,Butch Cassidy and the Sundance Kid,1969,8.0,66.0,212966,102.31,110
530,"Paris, Texas",1984,8.0,78.0,103426,2.18,145
531,The French Connection,1971,7.7,94.0,120445,15.63,104
532,Roma,2018,7.7,96.0,154361,,135
533,Snow White and the Seven Dwarfs,1937,7.6,95.0,194993,184.93,83
534,My Fair Lady,1964,7.8,95.0,94039,72.0,170
535,Wild Tales,2014,8.1,77.0,193271,3.11,122
536,Do the Right Thing,1989,7.9,93.0,99876,27.55,120
537,M,1931,8.3,,154952,0.03,99
538,127 Hours,2010,7.6,82.0,370503,18.34,94
539,Before Sunset,2004,8.1,90.0,256515,5.82,80
540,Carlito's Way,1993,7.9,65.0,214010,36.95,144
541,Gandhi,1982,8.1,79.0,227581,52.77,191
542,Awakenings,1990,7.8,74.0,137412,52.1,121
543,Chungking Express,1994,8.0,78.0,77077,0.6,102
544,Battle Royale,2000,7.6,81.0,180380,,114
545,Where Eagles Dare,1968,7.6,63.0,57390,,158
546,Doctor Zhivago,1965,7.9,69.0,75588,111.72,197
547,Annie Hall,1977,8.0,92.0,262359,39.2,93
548,The Apartment,1960,8.3,94.0,177780,18.6,125
549,Glory,1989,7.8,78.0,133045,26.83,122
550,Sing Street,2016,7.9,79.0,92055,3.24,106
551,This Is England,2006,7.7,86.0,121162,0.33,101
552,October Sky,1999,7.8,71.0,89389,32.48,108
553,Seven Pounds,2008,7.6,36.0,299492,69.95,123
554,Kung Fu Hustle,2004,7.7,78.0,136536,17.11,99
555,Billy Elliot,2000,7.7,74.0,133438,22.0,110
556,Mississippi Burning,1988,7.8,65.0,98573,34.6,128
557,On the Waterfront,1954,8.1,91.0,152440,9.6,108
558,Roman Holiday,1953,8.0,78.0,136390,,118
559,Hotel Rwanda,2004,8.1,79.0,350560,23.53,121
560,Dawn of the Dead,1978,7.8,71.0,118613,5.1,127
561,Papillon,1973,8.0,58.0,128924,53.27,151
562,Ip Man,2008,8.0,59.0,221116,,106
563,A Separation,2011,8.3,95.0,240846,7.1,123
564,Dancer in the Dark,2000,7.9,61.0,108410,4.18,140
565,A Streetcar Named Desire,1951,7.9,97.0,106582,8.0,122
566,Hara-Kiri,1962,8.6,85.0,53576,,133
567,The Great Beauty,2013,7.7,86.0,89045,2.85,141
568,The Iron Giant,1999,8.0,85.0,187025,23.16,86
569,I Am Sam,2001,7.6,28.0,149011,40.31,132
570,Ponyo,2008,7.6,86.0,139277,15.09,101
571,A Man Called Ove,2015,7.7,70.0,53469,3.36,116
572,The Conversation,1974,7.8,87.0,109524,4.42,113
573,The Right Stuff,1983,7.8,91.0,60664,21.5,193
574,The Seventh Seal,1957,8.1,88.0,181406,,96
575,Sling Blade,1996,8.0,84.0,92918,24.48,135
576,Glengarry Glen Ross,1992,7.7,82.0,103538,10.73,100
577,Barton Fink,1991,7.6,69.0,119752,6.15,116
578,Paths of Glory,1957,8.4,90.0,192869,,88
579,After Hours,1985,7.6,90.0,67621,10.6,97
580,Lucky Number Slevin,2006,7.7,53.0,310247,22.49,110
581,21 Grams,2003,7.7,70.0,234287,16.29,124
582,The Best Offer,2013,7.8,49.0,116921,0.09,131
583,Kramer vs. Kramer,1979,7.8,77.0,143034,106.26,105
584,Fiddler on the Roof,1971,8.0,67.0,43023,80.5,181
585,Happiness,1998,7.7,81.0,69654,2.81,134
586,Witness for the Prosecution,1957,8.4,,121734,8.18,116
587,Amores perros,2000,8.1,83.0,236928,5.38,154
588,Mysterious Skin,2004,7.6,73.0,68958,0.7,105
589,Searching,2018,7.6,71.0,158760,26.02,102
590,The Artist,2011,7.9,89.0,239522,44.67,100
591,Rebecca,1940,8.1,86.0,134832,4.36,130
592,Dangal,2016,8.3,,181857,12.39,161
593,Hamlet,1996,7.8,,37869,4.41,242
594,The Last Emperor,1987,7.7,76.0,101558,43.98,163
595,The Dirty Dozen,1967,7.7,73.0,71858,45.3,150
596,Cinderella Man,2005,8.0,69.0,185095,61.65,144
597,Persona,1966,8.1,86.0,115254,,83
598,Star Trek II: The Wrath of Khan,1982,7.7,67.0,119388,78.91,113
599,Like Stars on Earth,2007,8.3,,188029,1.22,165
600,The Wild Bunch,1969,7.9,97.0,83519,12.06,135
601,The World's Fastest Indian,2005,7.8,68.0,54433,5.13,127
602,Clerks,1994,7.7,70.0,219565,3.15,92
603,Solaris,1972,8.0,90.0,89506,,167
604,Night of the Living Dead,1968,7.8,89.0,125635,0.09,96
605,Ghost in the Shell,1995,7.9,76.0,139942,0.52,83
606,My Left Foot,1989,7.9,97.0,73242,14.74,103
607,A Christmas Story,1983,7.9,77.0,146134,20.61,93
608,The King of Comedy,1982,7.8,73.0,100425,2.5,109
609,Stagecoach,1939,7.8,93.0,48108,,96
610,Rebel Without a Cause,1955,7.7,89.0,89286,,111
611,The Raid 2,2014,7.9,71.0,121487,2.63,150
612,The Bridges of Madison County,1995,7.6,69.0,79817,71.52,135
613,Harvey,1950,7.9,,55219,,104
614,The Great Dictator,1940,8.4,,219678,0.29,125
615,Klaus,2019,8.1,65.0,141231,,96
616,Sabrina,1954,7.6,72.0,63961,,113
617,Days of Heaven,1978,7.8,93.0,57282,,94
618,Ran,1985,8.2,96.0,123043,4.14,162
619,Malcolm X,1992,7.7,73.0,93104,48.17,202
620,The Last King of Scotland,2006,7.7,74.0,184282,17.61,123
621,The Asphalt Jungle,1950,7.8,85.0,26514,,112
622,Charade,1963,7.9,83.0,75621,13.47,113
623,All About Eve,1950,8.2,98.0,129354,0.01,138
624,8½,1963,8.0,91.0,116257,0.05,138
625,Gaslight,1944,7.8,,28166,,114
626,All That Jazz,1979,7.8,72.0,31236,37.82,123
627,Rio Bravo,1959,8.0,93.0,61333,12.54,141
628,Miller's Crossing,1990,7.7,66.0,133739,5.08,115
629,Z,1969,8.2,86.0,28106,0.08,127
630,Batman: Mask of the Phantasm,1993,7.8,,49637,5.62,76
631,Neon Genesis Evangelion: The End of Evangelion,1997,8.0,,51816,,87
632,Kiki's Delivery Service,1989,7.8,83.0,139601,,103
633,50/50,2011,7.6,72.0,326990,35.01,100
634,Wolfwalkers,2020,8.0,87.0,30127,,103
635,Badlands,1973,7.7,93.0,71846,,94
636,Modern Times,1936,8.5,96.0,236704,0.16,87
637,Nausicaä of the Valley of the Wind,1984,8.0,86.0,165889,0.5,117
638,Short Term 12,2013,7.9,82.0,86876,1.01,96
639,Paprika,2006,7.7,81.0,80468,0.88,90
640,Castle in the Sky,1986,8.0,78.0,162643,,125
641,Tumbbad,2018,8.2,,41374,,104
642,Hero,2002,7.9,85.0,179919,53.71,120
643,The Man Who Shot Liberty Valance,1962,8.1,94.0,74784,,123
644,The Hustler,1961,8.0,90.0,80953,8.28,134
645,Mother,2009,7.8,79.0,61880,0.55,129
646,The Third Man,1949,8.1,97.0,169160,0.45,93
647,The Message,1976,8.1,,46911,,177
648,Mommy,2014,8.0,74.0,55838,3.49,139
649,Belle de Jour,1967,7.7,,43736,0.03,100
650,The Wind Rises,2013,7.7,83.0,82969,5.21,126
651,Double Indemnity,1944,8.3,95.0,153982,5.72,107
652,The Day the Earth Stood Still,1951,7.8,,80983,,92
653,Black Book,2006,7.7,71.0,76257,4.4,145
654,Harold and Maude,1971,7.9,62.0,76490,,91
655,Pink Floyd: The Wall,1982,8.0,47.0,80067,22.24,95
656,High Noon,1952,8.0,89.0,102980,9.45,85
657,The Longest Day,1962,7.7,75.0,55132,39.1,178
658,The Straight Story,1999,8.0,86.0,89172,6.2,112
659,What Ever Happened to Baby Jane?,1962,8.0,75.0,54870,4.05,134
660,La Dolce Vita,1960,8.0,95.0,71873,19.52,174
661,Breaking the Waves,1996,7.8,76.0,66114,4.04,159
662,Pride,2014,7.8,79.0,55601,,119
663,"South Park: Bigger, Longer & Uncut",1999,7.7,73.0,202043,52.04,81
664,Me and Earl and the Dying Girl,2015,7.7,74.0,129926,6.74,105
665,Shoplifters,2018,7.9,93.0,73505,3.31,121
666,Dial M for Murder,1954,8.2,75.0,172057,0.01,105
667,Being There,1979,8.0,83.0,71548,30.18,130
668,Anatomy of a Murder,1959,8.0,95.0,65342,11.9,161
669,Miracle in Cell No. 7,2019,8.2,,46797,,132
670,Ray,2004,7.7,73.0,145922,75.33,152
671,Bringing Up Baby,1938,7.8,91.0,60690,,102
672,The Quiet Man,1952,7.7,85.0,38193,10.55,129
673,To Have and Have Not,1944,7.8,90.0,34143,,100
674,Run Lola Run,1998,7.7,77.0,196737,7.27,80
675,United 93,2006,7.6,90.0,105483,31.57,111
676,The Verdict,1982,7.7,77.0,39670,54.0,129
677,Frankenstein,1931,7.8,91.0,70963,,70
678,Rashomon,1950,8.2,98.0,165111,0.1,88
679,Detachment,2011,7.7,52.0,83657,0.07,98
680,Letters from Iwo Jima,2006,7.9,89.0,161067,13.76,141
681,Amour,2012,7.9,94.0,98930,6.74,127
682,The Treasure of the Sierra Madre,1948,8.2,98.0,122868,5.01,126
683,Mary and Max,2009,8.1,,174678,,92
684,25th Hour,2002,7.6,68.0,177157,13.06,135
685,The Killing Fields,1984,7.8,76.0,55019,34.7,141
686,Beasts of No Nation,2015,7.7,79.0,80066,0.08,137
687,Guess Who's Coming to Dinner,1967,7.8,63.0,44641,56.7,108
688,Once,2007,7.8,88.0,115588,9.44,86
689,The Manchurian Candidate,1962,7.9,94.0,74870,,126
690,The Best Years of Our Lives,1946,8.1,93.0,62928,23.65,170
691,Breathless,1960,7.7,,79654,0.34,90
692,Patton,1970,7.9,91.0,100900,61.7,172
693,The Big Sleep,1946,7.9,,84421,6.54,114
694,Infernal Affairs,2002,8.0,75.0,123351,0.17,101
695,The Celebration,1998,8.1,82.0,85789,1.65,105
696,Three Colors: Blue,1993,7.9,85.0,99782,1.32,94
697,All About My Mother,1999,7.8,87.0,95393,8.26,101
698,The White Ribbon,2009,7.8,82.0,72816,2.22,144
699,Who's Afraid of Virginia Woolf?,1966,8.0,75.0,74311,,131
700,Judgment at Nuremberg,1961,8.3,60.0,76095,,179
701,It Happened One Night,1934,8.1,87.0,102007,4.36,105
702,The Leopard,1963,8.0,100.0,25517,,186
703,Rope,1948,7.9,73.0,140595,,80
704,East of Eden,1955,7.8,72.0,44894,,118
705,Open Your Eyes,1997,7.7,,68657,0.37,119
706,Fantasia,1940,7.7,96.0,94492,76.41,125
707,City Lights,1931,8.5,99.0,181212,0.02,87
708,Waking Life,2001,7.7,83.0,63565,2.89,99
709,Whisper of the Heart,1995,7.9,75.0,60365,,111
710,Nebraska,2013,7.7,87.0,117100,17.65,115
711,Good Bye Lenin!,2003,7.7,68.0,144662,4.06,121
712,The Adventures of Robin Hood,1938,7.9,97.0,50539,3.98,102
713,Loving Vincent,2017,7.8,62.0,56701,6.74,94
714,Happy Together,1997,7.7,70.0,28008,0.19,96
715,Wings of Desire,1987,8.0,79.0,69879,3.33,128
716,The Chaser,2008,7.8,64.0,64749,,125
717,A Very Long Engagement,2004,7.6,76.0,73457,6.17,133
718,Talk to Her,2002,7.9,86.0,111239,9.28,112
719,The Grapes of Wrath,1940,8.1,96.0,91420,0.06,129
720,Out of the Past,1947,8.0,,36501,,97
721,From Here to Eternity,1953,7.6,85.0,46443,30.5,118
722,Sardar Udham,2021,8.5,,38950,,164
723,The Taking of Pelham One Two Three,1974,7.6,68.0,30143,2.49,104
724,The Legend of 1900,1998,8.0,58.0,63255,0.26,169
725,Dragon Ball Super: Broly,2018,7.8,59.0,26136,30.71,100
726,High and Low,1963,8.4,,42534,,143
727,Lilya 4-Ever,2002,7.8,82.0,45206,0.18,109
728,In America,2002,7.7,76.0,42908,15.54,105
729,Short Cuts,1993,7.7,79.0,44505,6.11,188
730,The 400 Blows,1959,8.1,,115271,,99
731,Nashville,1975,7.7,96.0,25970,14.82,160
732,Fanny and Alexander,1982,8.1,100.0,63087,4.97,188
733,Zulu,1964,7.7,77.0,38740,,138
734,Notorious,1946,7.9,100.0,99722,10.46,102
735,The Killing,1956,8.0,91.0,88429,,84
736,Hard Boiled,1992,7.7,,49878,,128
737,Andrei Rublev,1966,8.0,,52810,0.1,205
738,Touch of Evil,1958,8.0,99.0,103343,2.24,95
739,Mirror,1975,8.0,80.0,45439,0.18,107
740,Kubo and the Two Strings,2016,7.8,84.0,126826,48.02,101
741,Yojimbo,1961,8.2,93.0,120576,,110
742,Porco Rosso,1992,7.7,83.0,86939,,94
743,The Chorus,2004,7.8,56.0,61294,3.64,97
744,The Man from Nowhere,2010,7.7,,68434,0.01,119
745,Ikiru,1952,8.3,91.0,76527,0.06,143
746,Rififi,1955,8.1,97.0,33719,0.06,118
747,The Cabinet of Dr. Caligari,1920,8.0,,62431,,67
748,Three Colors: Red,1994,8.1,100.0,101336,4.04,99
749,Bicycle Thieves,1948,8.3,,160429,0.33,89
750,Cat on a Hot Tin Roof,1958,8.0,84.0,48788,17.57,108
751,Manhattan,1979,7.9,83.0,138706,45.7,96
752,Perfect Strangers,2016,7.7,,63839,,96
753,Shershaah,2021,8.4,,116515,,135
754,The Day of the Jackal,1973,7.8,80.0,40399,16.06,143
755,Hedwig and the Angry Inch,2001,7.7,85.0,35276,3.03,95
756,The Lion in Winter,1968,7.9,,31189,22.28,134
757,Children of Heaven,1997,8.2,77.0,73342,0.93,89
758,Andhadhun,2018,8.2,,88887,1.37,139
759,The Thin Man,1934,7.9,86.0,29178,,91
760,Philomena,2013,7.6,77.0,99172,37.71,98
761,Fantastic Planet,1973,7.7,73.0,30159,0.19,72
762,Strangers on a Train,1951,7.9,88.0,132035,7.63,101
763,The Bride of Frankenstein,1935,7.8,95.0,47403,4.36,75
764,PK,2014,8.1,,179174,10.62,153
765,Once Were Warriors,1994,7.9,77.0,33851,2.2,102
766,"Aguirre, the Wrath of God",1972,7.9,,56322,,95
767,The African Queen,1951,7.7,91.0,77715,0.54,105
768,Secrets & Lies,1996,8.0,91.0,42567,13.42,136
769,Drishyam,2015,8.2,,79433,0.74,163
770,The Wave,2008,7.6,,107984,,107
771,The Night of the Hunter,1955,8.0,99.0,87957,0.65,92
772,Control,2007,7.7,78.0,64673,0.87,122
773,Invasion of the Body Snatchers,1956,7.7,92.0,48866,,80
774,Wild Strawberries,1957,8.1,88.0,105429,,91
775,All Quiet on the Western Front,1930,8.1,91.0,60748,3.27,152
776,Leviathan,2014,7.6,92.0,52896,1.09,140
777,Hannah and Her Sisters,1986,7.9,90.0,70811,40.08,107
778,Night on Earth,1991,7.7,68.0,59685,2.02,129
779,Three Colors: White,1994,7.6,88.0,72020,1.46,92
780,When Marnie Was There,2014,7.7,72.0,39014,0.77,103
781,Scarface,1932,7.7,87.0,27592,,93
782,Ninja Scroll,1993,7.8,,36938,,94
783,Zindagi Na Milegi Dobara,2011,8.1,,75713,3.11,155
784,The Tale of The Princess Kaguya,2013,8.0,89.0,44982,1.51,137
785,Shadow of a Doubt,1943,7.8,94.0,64486,,108
786,Shine,1996,7.7,87.0,53873,35.81,105
787,The Diving Bell and the Butterfly,2007,8.0,92.0,107039,5.99,112
788,Tokyo Story,1953,8.2,,60152,,136
789,Stalag 17,1953,8.0,84.0,55266,,120
790,The Double Life of Véronique,1991,7.7,86.0,47645,2.0,98
791,Repulsion,1965,7.6,91.0,52535,,105
792,3-Iron,2004,7.9,72.0,54491,0.24,88
793,Cowboy Bebop: The Movie,2001,7.8,61.0,47773,1.0,115
794,The Sacrifice,1986,7.9,,27718,0.3,149
795,The Red Shoes,1948,8.1,,34326,10.9,135
796,The Battle of Algiers,1966,8.1,96.0,58926,0.06,121
797,Elite Squad,2007,8.0,33.0,102737,0.01,115
798,Underground,1995,8.1,79.0,57951,0.17,167
799,Mr. Smith Goes to Washington,1939,8.1,73.0,114131,9.6,129
800,A Prophet,2009,7.8,90.0,97819,2.08,155
801,Le Samouraï,1967,8.0,,50394,0.04,101
802,The Station Agent,2003,7.6,81.0,70062,5.74,89
803,Cape Fear,1962,7.7,76.0,28789,,106
804,Song of the Sea,2014,8.0,85.0,57254,0.86,93
805,Frost/Nixon,2008,7.7,80.0,107319,18.59,122
806,Persepolis,2007,8.0,90.0,93623,4.45,96
807,The Experiment,2001,7.7,60.0,93386,0.14,120
808,Sleuth,1972,8.0,,47293,4.08,138
809,The Sea Inside,2004,8.0,74.0,81127,2.09,126
810,The Conformist,1970,7.9,100.0,29872,0.54,113
811,The Motorcycle Diaries,2004,7.8,75.0,100516,16.76,126
812,Pather Panchali,1955,8.3,,31259,0.54,125
813,Confessions,2010,7.7,,38540,,106
814,The Little Prince,2015,7.7,70.0,61152,1.34,108
815,Laura,1944,7.9,,46694,4.36,88
816,"I, Daniel Blake",2016,7.8,78.0,58997,0.26,100
817,The Man Who Would Be King,1975,7.8,91.0,48339,,129
818,Peeping Tom,1960,7.6,,34727,0.08,101
819,Head-On,2004,7.9,78.0,53839,,121
820,Land of Mine,2015,7.8,75.0,40272,0.44,100
821,The Kid,1921,8.3,,124246,5.45,68
822,Adam's Apples,2005,7.7,51.0,50098,0.0,94
823,The General,1926,8.2,,89678,1.03,67
824,In Cold Blood,1967,7.9,89.0,26322,,134
825,Fitzcarraldo,1982,8.0,,34402,,158
826,My Name Is Khan,2010,7.9,50.0,105156,4.02,165
827,The Wages of Fear,1953,8.2,85.0,59923,,131
828,To Be or Not to Be,1942,8.2,86.0,35855,,99
829,Farewell My Concubine,1993,8.1,83.0,28095,5.22,171
830,Ayla: The Daughter of War,2017,8.3,,38781,,125
831,The Salesman,2016,7.7,85.0,59538,2.4,124
832,The 39 Steps,1935,7.6,93.0,56213,,86
833,A Man for All Seasons,1966,7.7,72.0,34194,28.35,120
834,Amarcord,1973,7.9,,43044,0.58,123
835,Soorarai Pottru,2020,8.7,,109809,,153
836,In a Lonely Place,1950,7.9,,30886,,94
837,Kal Ho Naa Ho,2003,7.9,54.0,67968,1.79,186
838,The Invisible Man,1933,7.6,87.0,34292,,71
839,Miracle on 34th Street,1947,7.9,88.0,47322,2.65,96
840,Inherit the Wind,1960,8.1,75.0,29827,,128
841,Nostalghia,1983,8.0,,26517,0.01,125
842,Battleship Potemkin,1925,8.0,97.0,56957,0.05,66
843,His Girl Friday,1940,7.8,,57792,0.3,92
844,The Caine Mutiny,1954,7.7,63.0,27334,21.75,124
845,Dersu Uzala,1975,8.2,,28092,,142
846,Departures,2008,8.0,68.0,51579,1.5,130
847,The Umbrellas of Cherbourg,1964,7.8,86.0,27027,0.03,91
848,After the Wedding,2006,7.7,78.0,34356,0.41,120
849,Cries & Whispers,1972,8.0,,33623,1.74,91
850,Arsenic and Old Lace,1943,7.9,,69980,,118
851,Nobody Knows,2004,8.0,88.0,27417,0.68,141
852,Vikram Vedha,2017,8.2,,36733,,147
853,Wolf Children,2012,8.1,71.0,43733,,117
854,Uri: The Surgical Strike,2019,8.2,,58479,4.19,138
855,Super 30,2019,7.9,,29808,2.27,154
856,"4 Months, 3 Weeks and 2 Days",2007,7.9,97.0,59564,1.19,113
857,The Road,1954,8.0,,62416,,108
858,M.S. Dhoni: The Untold Story,2016,7.9,,53400,1.78,184
859,The Lady Vanishes,1938,7.8,98.0,51747,,96
860,The Passion of Joan of Arc,1928,8.2,,53388,0.02,114
861,Munna Bhai M.B.B.S.,2003,8.1,,80149,,156
862,Red River,1948,7.8,,30801,,133
863,Gully Boy,2019,7.9,65.0,38072,5.57,154
864,Eyes Without a Face,1960,7.6,90.0,30954,0.05,90
865,Throne of Blood,1957,8.1,,51328,,110
866,Kagemusha,1980,7.9,84.0,35233,,162
867,The Discreet Charm of the Bourgeoisie,1972,7.8,93.0,42345,0.2,102
868,Taste of Cherry,1997,7.7,80.0,29855,0.31,95
869,Diabolique,1955,8.1,,65153,1.09,117
870,Key Largo,1948,7.7,,40253,,100
871,Ivan's Childhood,1962,8.0,,35791,,95
872,L'Avventura,1960,7.8,,29296,,144
873,Brief Encounter,1945,8.0,92.0,39555,,86
874,Mildred Pierce,1945,8.0,88.0,25472,,111
875,Crimes and Misdemeanors,1989,7.8,77.0,57548,18.25,104
876,The Virgin Spring,1960,8.1,,28889,1.53,89
877,The Hidden Fortress,1958,8.1,89.0,38387,,126
878,"Black Cat, White Cat",1998,8.0,73.0,53292,0.35,127
879,The Odd Couple,1968,7.6,86.0,34498,44.53,105
880,Evil,2003,7.7,61.0,38035,0.02,113
881,Sweet Smell of Success,1957,8.0,100.0,31342,,96
882,Lagaan: Once Upon a Time in India,2001,8.1,84.0,111891,0.07,224
883,You Can't Take It with You,1938,7.8,,25466,4.66,126
884,The Lunchbox,2013,7.8,76.0,55157,4.23,104
885,The Innocents,1961,7.8,88.0,29850,2.62,100
886,The Lost Weekend,1945,7.9,,36505,9.46,101
887,Dreams,1990,7.7,,26082,1.96,119
888,My Sassy Girl,2001,8.0,,47713,,137
889,"Spring, Summer, Fall, Winter... and Spring",2003,8.0,85.0,82031,2.38,103
890,The Triplets of Belleville,2003,7.7,91.0,54073,7.0,80
891,Down by Law,1986,7.7,75.0,51064,1.44,107
892,Nights of Cabiria,1957,8.1,,48209,0.75,110
893,Vivre Sa Vie,1962,7.9,,31110,,85
894,Article 15,2019,8.2,,32353,,130
895,The Gold Rush,1925,8.2,,109527,5.45,95
896,Gangs of Wasseypur,2012,8.2,89.0,93536,,321
897,The Killer,1989,7.8,82.0,47930,,111
898,Winter Sleep,2014,8.1,88.0,51011,0.17,196
899,The Girl Who Leapt Through Time,2006,7.7,,65083,,98
900,The Purple Rose of Cairo,1985,7.7,75.0,51095,10.63,82
901,Tokyo Godfathers,2003,7.8,73.0,38710,0.13,92
902,The Postman,1994,7.7,81.0,36069,21.85,108
903,Jules and Jim,1962,7.7,97.0,40868,,105
904,Joint Security Area,2000,7.8,58.0,29483,,110
905,C.R.A.Z.Y.,2005,7.9,81.0,32703,,129
906,My Father and My Son,2005,8.2,,85450,,112
907,"Goodbye, Children",1987,8.0,88.0,33445,4.54,104
908,Hiroshima Mon Amour,1959,7.9,,31408,0.09,90
909,The Broken Circle Breakdown,2012,7.7,70.0,40939,0.18,111
910,The Exterminating Angel,1962,8.0,,32718,,95
911,White Heat,1949,8.1,,32385,,114
912,Raise the Red Lantern,1991,8.1,,32144,2.6,125
913,Darbareye Elly,2009,7.9,87.0,52722,0.11,119
914,Sunrise,1927,8.1,,50555,0.54,94
915,Celda 211,2009,7.6,,67048,,113
916,Autumn Sonata,1978,8.1,,33597,,99
917,Nine Queens,2000,7.9,80.0,52393,1.22,114
918,Ace in the Hole,1951,8.1,72.0,35279,3.97,111
919,Once Upon a Time in Anatolia,2011,7.8,82.0,45826,0.14,157
920,Millennium Actress,2001,7.8,70.0,27155,0.19,87
921,The Magdalene Sisters,2002,7.7,83.0,27081,4.89,114
922,Time of the Gypsies,1988,8.1,,30351,0.28,142
923,Duck Soup,1933,7.8,93.0,59642,,69
924,The Past,2013,7.7,85.0,48445,1.33,130
925,Badhaai Ho,2018,8.0,,33418,,124
926,The Big Heat,1953,7.9,,26397,,89
927,G.O.R.A.,2004,8.0,,61754,,127
928,Kind Hearts and Coronets,1949,8.0,,36956,,106
929,Knockin' on Heaven's Door,1997,7.9,,29961,0.0,87
930,No Man's Land,2001,7.9,84.0,46787,1.06,98
931,Barfi!,2012,8.1,,80608,2.8,151
932,Tangerines,2013,8.1,73.0,45671,0.14,87
933,The Rules of the Game,1939,7.9,,28675,,110
934,Sherlock Jr.,1924,8.2,,48354,0.98,45
935,The Shop Around the Corner,1940,8.1,96.0,32382,0.2,99
936,The Return,2003,7.9,82.0,45168,0.5,110
937,Vera Drake,2004,7.6,83.0,25322,3.75,125
938,Chhichhore,2019,8.2,,49676,0.9,143
939,Dil Chahta Hai,2001,8.1,,71112,0.3,183
940,Beauty and the Beast,1946,7.9,92.0,26192,0.3,93
941,Pink,2016,8.1,,44111,1.24,136
942,Jean de Florette,1986,8.1,,25579,4.94,120
943,Le Dîner de Cons,1998,7.6,73.0,41068,4.07,80
944,Talvar,2015,8.1,,34620,0.34,132
945,Central Station,1998,8.0,80.0,39171,5.6,110
946,The Grand Illusion,1937,8.1,,36185,0.17,113
947,Fireworks,1997,7.7,,30242,0.23,103
948,Masaan,2015,8.1,,27397,,109
949,Joyeux Noel,2005,7.7,70.0,29622,1.05,116
950,Dilwale Dulhania Le Jayenge,1995,8.0,,68153,,181
951,English Vinglish,2012,7.8,,35897,1.67,134
952,Raatchasan,2018,8.3,,39168,,170
953,Love and Death,1975,7.7,89.0,38191,,85
954,Haider,2014,8.1,,54363,0.9,160
955,Udta Punjab,2016,7.7,,29958,,148
956,Bajrangi Bhaijaan,2015,8.1,,84799,8.18,163
957,Sullivan's Travels,1941,7.9,,26034,,90
958,Color It Yellow,2006,8.1,,118044,2.2,167
959,Zelig,1983,7.7,,41800,11.8,79
960,Elite Squad 2: The Enemy Within,2010,8.0,71.0,82348,0.1,115
961,"Rome, Open City",1945,8.0,,26094,,103
962,A Night at the Opera,1935,7.8,,32608,2.54,96
963,The Muppet Christmas Carol,1992,7.7,64.0,57463,27.28,85
964,"Carry On, Munna Bhai",2006,8.0,,46383,2.22,144
965,Tae Guk Gi: The Brotherhood of War,2004,8.0,64.0,39471,1.11,140
966,The Circus,1928,8.1,90.0,33267,,72
967,Andaz Apna Apna,1994,8.0,,52784,,160
968,Veer Zaara,2004,7.8,67.0,52218,2.92,192
969,A Wednesday,2008,8.1,,77870,,104
970,Sanjuro,1962,8.0,,37641,,96
971,96,2018,8.4,,28451,,158
972,Drishyam 2,2021,8.4,,34699,,152
973,Swades,2004,8.1,,89032,1.22,189
974,Udaan,2010,8.1,,44656,0.01,134
975,Airlift,2016,7.9,,56364,,130
976,Jab We Met,2007,7.9,,51890,0.41,138
977,The Bandit,1996,8.1,,69492,,128
978,Vicky Donor,2012,7.8,,42740,0.17,126
979,Dev.D,2009,7.9,,30392,0.01,144
980,Asuran,2019,8.5,,26150,,141
981,The Edge of Heaven,2007,7.7,85.0,31935,0.74,122
982,Sholay,1975,8.1,,54952,,162
983,Pad Man,2018,7.9,,25274,1.66,140
984,Let's Go! India,2007,8.1,68.0,79053,1.11,153
985,Hindi Medium,2017,7.8,,27893,,132
986,OMG: Oh My God!,2012,8.1,,57377,0.92,125
987,Queen,2013,8.1,,64973,1.43,146
988,Kahaani,2012,8.1,,62168,1.04,122
989,Paan Singh Tomar,2012,8.2,,35867,0.04,135
990,Vizontele,2001,8.0,,36271,,110
991,Hera Pheri,2000,8.1,,64931,,156
992,Bhaag Milkha Bhaag,2013,8.2,,66703,1.63,186
993,Drishyam,2013,8.3,,40259,,160
994,The Breath,2009,7.9,,33447,,128
995,Black,2005,8.1,,34711,0.73,122
996,Baby,2015,7.9,,56902,,159
997,Special 26,2013,8.0,,55443,1.08,144
998,Sarfarosh,1999,8.1,,25442,,174
999,Anand,1971,8.1,,33460,,122
